{"dcg": [18.292659663714726, 13.792518601629117], "dcg@03": [7.588357935128043, 6.254674744189064], "dcg@05": [9.641746306605336, 7.133047852169712], "dcg@10": [12.645596303493688, 8.607537802609459], "dcg@20": [15.457107775949648, 10.570985230309343], "ndcg": [0.8098229794648276, 0.14361099473553363], "ndcg@03": [0.6005591069535817, 0.28280101151404285], "ndcg@05": [0.6382285504745061, 0.24952026359176765], "ndcg@10": [0.7010303834603828, 0.2186723812423478], "ndcg@20": [0.75606406637726, 0.18409785790292585], "precision@01": [0.46468184471687096, 0.49875106807644715], "precision@03": [0.3420899007589025, 0.2761659243741022], "precision@05": [0.2950379451255108, 0.21874745937454398], "precision@10": [0.22054874489200238, 0.1624331272519223], "precision@20": [0.15096322241681262, 0.11804723317540779], "recall@01": [0.19785867256929726, 0.3053842432106534], "recall@03": [0.38418283520885715, 0.36948651225864726], "recall@05": [0.512614406606156, 0.3747047234196332], "recall@10": [0.6925578551353658, 0.3418650698953075], "recall@20": [0.8562817132204812, 0.2492625144149896], "relevant rank": [14.128896009321293, 14.587277270804188], "relevant rank per query": [56.631056625802685, 106.11822710921524]}