{"dcg": [18.524954511420784, 13.62605688648981], "dcg@03": [7.7272404701383035, 6.328272669028149], "dcg@05": [9.740862570756098, 7.171018441559532], "dcg@10": [12.857161110431573, 8.660434013427754], "dcg@20": [15.730561512993601, 10.540807451906984], "ndcg": [0.8160434800287968, 0.14287613571243732], "ndcg@03": [0.6124732671382294, 0.2847994836011749], "ndcg@05": [0.6461369241427531, 0.2504169159195943], "ndcg@10": [0.7089699077648844, 0.21709256172643746], "ndcg@20": [0.7635077730378321, 0.18096267868081523], "precision@01": [0.47135161606268366, 0.49917859539225046], "precision@03": [0.3476983349657199, 0.2833201433016172], "precision@05": [0.2919196865817826, 0.21822751701260876], "precision@10": [0.2190009794319295, 0.1601950971376307], "precision@20": [0.14926542605288934, 0.11645136218478147], "recall@01": [0.2015376430976113, 0.3090155750116932], "recall@03": [0.39100533689438793, 0.37329909340870876], "recall@05": [0.5147119342882303, 0.3790620184118103], "recall@10": [0.6977339622213897, 0.3465019821473399], "recall@20": [0.8636926699874159, 0.2462207737176279], "relevant rank": [13.496570385752943, 14.02396557824063], "relevant rank per query": [52.51567091087169, 96.81988740302279]}