{"dcg": [18.32968951885656, 13.82909919603317], "dcg@03": [7.677625157540465, 6.256619144988369], "dcg@05": [9.700140931568802, 7.134916447949122], "dcg@10": [12.677768026332723, 8.603051394519689], "dcg@20": [15.499987624232277, 10.582370828487674], "ndcg": [0.8109628880460448, 0.14422119009116513], "ndcg@03": [0.6050938539573921, 0.28130595242069806], "ndcg@05": [0.6408938108561067, 0.2494718475920804], "ndcg@10": [0.7022768249598078, 0.21993646493783509], "ndcg@20": [0.7573875322300604, 0.1847644700149906], "precision@01": [0.46643315820198483, 0.498871994735831], "precision@03": [0.3508464681844717, 0.27397925729878236], "precision@05": [0.29900758902510216, 0.2174096733903055], "precision@10": [0.2207822533566842, 0.16110417267863375], "precision@20": [0.1509340338587274, 0.11763257613840893], "recall@01": [0.2010163347050165, 0.30800631337218753], "recall@03": [0.39343243456381527, 0.3682095660588512], "recall@05": [0.5206210454292995, 0.37635049662402764], "recall@10": [0.697220688982167, 0.34321819938395076], "recall@20": [0.8573715389548372, 0.24991853218958815], "relevant rank": [14.084474220798135, 14.51600463170921], "relevant rank per query": [56.453006421482776, 104.56759006225805]}