{"dcg": [18.52520391480361, 13.626167174811746], "dcg@03": [7.7260355602497865, 6.288607683051423], "dcg@05": [9.753980560794599, 7.148230603705705], "dcg@10": [12.859576504828734, 8.657434714869312], "dcg@20": [15.733546882773448, 10.520654697267004], "ndcg": [0.8157756181340469, 0.1430116926668804], "ndcg@03": [0.6121794745595447, 0.2832927514812252], "ndcg@05": [0.6471258229981021, 0.24943940115814728], "ndcg@10": [0.7088561229568797, 0.21691511738966263], "ndcg@20": [0.7634576500357934, 0.1807713066068297], "precision@01": [0.4723310479921645, 0.49923384209685556], "precision@03": [0.3486777668952008, 0.2812446170980316], "precision@05": [0.29221351616062685, 0.22033741699846696], "precision@10": [0.21958863858961805, 0.16041458050256388], "precision@20": [0.1496816846229187, 0.1157678726605745], "recall@01": [0.20147694439648656, 0.30766678634877304], "recall@03": [0.39384518747541963, 0.3694914525099774], "recall@05": [0.5170124790469038, 0.37933656042535885], "recall@10": [0.7021766360848628, 0.34503850336857284], "recall@20": [0.8672420786468652, 0.24210113472129993], "relevant rank": [13.478698634447172, 14.083230975863165], "relevant rank per query": [52.44613124387855, 98.10865065436778]}