{
 "dcg": [
  16.176940045655726,
  11.803918876616066
 ],
 "dcg@03": [
  4.872528881143729,
  4.1674876113777275
 ],
 "dcg@05": [
  6.625081054047984,
  4.985909513704637
 ],
 "dcg@10": [
  9.643791793187345,
  6.432526850500812
 ],
 "dcg@20": [
  12.644585914652897,
  8.174639671021529
 ],
 "ndcg": [
  0.7262022136529757,
  0.158482034201864
 ],
 "ndcg@03": [
  0.43758808303133123,
  0.2908467511175135
 ],
 "ndcg@05": [
  0.4844504241536198,
  0.27081590237649006
 ],
 "ndcg@10": [
  0.5709504731640841,
  0.24984566983348255
 ],
 "ndcg@20": [
  0.6462144106769793,
  0.21320919865224622
 ],
 "precision@01": [
  0.18437806072477964,
  0.38779220137613535
 ],
 "precision@03": [
  0.1800522363695723,
  0.23270602090928605
 ],
 "precision@05": [
  0.17365328109696376,
  0.18448985506644303
 ],
 "precision@10": [
  0.1589862879529873,
  0.13795075988490269
 ],
 "precision@20": [
  0.12399608227228208,
  0.10001026384314562
 ],
 "recall@01": [
  0.06729541695354632,
  0.18964628347836832
 ],
 "recall@03": [
  0.1990195945484615,
  0.31205379302096464
 ],
 "recall@05": [
  0.31357518905920284,
  0.36749862175372155
 ],
 "recall@10": [
  0.5390812160115517,
  0.4011645262061918
 ],
 "recall@20": [
  0.7489659913371128,
  0.3356765490416232
 ],
 "relevant rank": [
  18.635076458372662,
  16.203854445705858
 ],
 "relevant rank per query": [
  72.50979431929481,
  121.49289952391263
 ]
}