{
 "dcg": [
  16.525918376338126,
  12.114786935298508
 ],
 "dcg@03": [
  5.294405963106798,
  4.52897924087961
 ],
 "dcg@05": [
  7.1203936178357505,
  5.333419119923504
 ],
 "dcg@10": [
  10.124630127755914,
  6.756994387968767
 ],
 "dcg@20": [
  13.115647764911087,
  8.533223283217632
 ],
 "ndcg": [
  0.7381768675569435,
  0.15629920590272706
 ],
 "ndcg@03": [
  0.462429314972797,
  0.2911871424411905
 ],
 "ndcg@05": [
  0.5084888688723771,
  0.2656518270259315
 ],
 "ndcg@10": [
  0.5901119974319767,
  0.24360721295869606
 ],
 "ndcg@20": [
  0.6623988158323484,
  0.20657315521424194
 ],
 "precision@01": [
  0.23188050930460333,
  0.4220331014378388
 ],
 "precision@03": [
  0.20714985308521058,
  0.24435965178888605
 ],
 "precision@05": [
  0.19338883447600394,
  0.19022481321297927
 ],
 "precision@10": [
  0.1680215475024486,
  0.140608386800864
 ],
 "precision@20": [
  0.12852595494613123,
  0.10194812282478036
 ],
 "recall@01": [
  0.08984326359075166,
  0.22071066998475938
 ],
 "recall@03": [
  0.22565595518529563,
  0.3200658190218242
 ],
 "recall@05": [
  0.3425371509015453,
  0.3681290970925688
 ],
 "recall@10": [
  0.5585075009458382,
  0.39269687179874413
 ],
 "recall@20": [
  0.7712200976358993,
  0.3170114055962582
 ],
 "relevant rank": [
  17.842741174249575,
  16.011158107795694
 ],
 "relevant rank per query": [
  69.4267874632713,
  116.18918755193754
 ]
}