{
 "dcg": [
  16.40964278815377,
  12.033110526794873
 ],
 "dcg@03": [
  5.101150631219573,
  4.104820257278625
 ],
 "dcg@05": [
  6.957324174641773,
  5.007265190337749
 ],
 "dcg@10": [
  9.990982457487405,
  6.501871771448017
 ],
 "dcg@20": [
  12.998570499721454,
  8.362866574652461
 ],
 "ndcg": [
  0.7359638240691666,
  0.15667972326958957
 ],
 "ndcg@03": [
  0.46036477128729925,
  0.2909356911649376
 ],
 "ndcg@05": [
  0.507942854345567,
  0.26610026969703043
 ],
 "ndcg@10": [
  0.5889681715574526,
  0.24333183492129698
 ],
 "ndcg@20": [
  0.6605980644196211,
  0.20598135500808396
 ],
 "precision@01": [
  0.19833496571988246,
  0.3987457925706244
 ],
 "precision@03": [
  0.18780607247796277,
  0.2382609369349523
 ],
 "precision@05": [
  0.18516160626836436,
  0.19252738928994717
 ],
 "precision@10": [
  0.16608716944172383,
  0.1416402730026254
 ],
 "precision@20": [
  0.12776689520078358,
  0.10205555573065311
 ],
 "recall@01": [
  0.07159296240827613,
  0.19561150218330314
 ],
 "recall@03": [
  0.19625051100138038,
  0.30172983694106476
 ],
 "recall@05": [
  0.32097947135983035,
  0.3610560699570988
 ],
 "recall@10": [
  0.5498337428067048,
  0.3945068849827419
 ],
 "recall@20": [
  0.7648614007943152,
  0.32435079667165395
 ],
 "relevant rank": [
  18.02126990120194,
  15.94103099298197
 ],
 "relevant rank per query": [
  70.12144955925564,
  116.31538713886528
 ]
}