{
 "dcg": [
  16.810661885707955,
  12.32723127301609
 ],
 "dcg@03": [
  5.722103993321812,
  4.663314106693685
 ],
 "dcg@05": [
  7.55524726607187,
  5.462723523224238
 ],
 "dcg@10": [
  10.529283182145486,
  6.868854555784687
 ],
 "dcg@20": [
  13.416096613637505,
  8.670854982794172
 ],
 "ndcg": [
  0.7510269615934254,
  0.15291230771035555
 ],
 "ndcg@03": [
  0.49602117400423595,
  0.28502887706344593
 ],
 "ndcg@05": [
  0.5372516177478815,
  0.25780166548432015
 ],
 "ndcg@10": [
  0.6117967474117882,
  0.233652886719056
 ],
 "ndcg@20": [
  0.67692188619278,
  0.200052786994681
 ],
 "precision@01": [
  0.2578354554358472,
  0.4374429486870676
 ],
 "precision@03": [
  0.22584067907280442,
  0.2515755404602335
 ],
 "precision@05": [
  0.2061704211557297,
  0.1976877263924802
 ],
 "precision@10": [
  0.17169441723800197,
  0.1416357796690048
 ],
 "precision@20": [
  0.12753428011753187,
  0.10146004434084056
 ],
 "recall@01": [
  0.09496479679376842,
  0.2236429126121354
 ],
 "recall@03": [
  0.2368451252030505,
  0.3202217157787776
 ],
 "recall@05": [
  0.3537132581195404,
  0.36654615951879055
 ],
 "recall@10": [
  0.5673492142482364,
  0.3869143189759742
 ],
 "recall@20": [
  0.7680656308620201,
  0.3192880744090053
 ],
 "relevant rank": [
  17.999056069473287,
  16.460567591507537
 ],
 "relevant rank per query": [
  70.03501469147895,
  118.57744382619049
 ]
}