{
 "dcg": [
  17.398915413215867,
  12.68689091976087
 ],
 "dcg@03": [
  6.270505315763369,
  5.137070192026311
 ],
 "dcg@05": [
  8.24027055601144,
  5.975429208212699
 ],
 "dcg@10": [
  11.376576859522931,
  7.466437250617437
 ],
 "dcg@20": [
  14.321058805397316,
  9.313712112529664
 ],
 "ndcg": [
  0.7736424516057588,
  0.14984247539251494
 ],
 "ndcg@03": [
  0.5264668833665017,
  0.289164664449596
 ],
 "ndcg@05": [
  0.5710376553391526,
  0.25876883488302477
 ],
 "ndcg@10": [
  0.6464603802677091,
  0.22959953313857903
 ],
 "ndcg@20": [
  0.7098730548595139,
  0.19285300092826574
 ],
 "precision@01": [
  0.3259059745347698,
  0.4687123534720541
 ],
 "precision@03": [
  0.26273261508325174,
  0.25879833646477185
 ],
 "precision@05": [
  0.23775710088148877,
  0.20159613762230114
 ],
 "precision@10": [
  0.19427032321253676,
  0.14764385700746405
 ],
 "precision@20": [
  0.14037708129285015,
  0.10882555667761235
 ],
 "recall@01": [
  0.1339750071607168,
  0.26447140672590813
 ],
 "recall@03": [
  0.2953830713247573,
  0.3499777382667064
 ],
 "recall@05": [
  0.426015474269596,
  0.37796823455662587
 ],
 "recall@10": [
  0.6358785052693139,
  0.36499839401455214
 ],
 "recall@20": [
  0.8251198404037237,
  0.2747683323167473
 ],
 "relevant rank": [
  15.553835504373545,
  15.083420611837255
 ],
 "relevant rank per query": [
  60.5205680705191,
  106.57484537667513
 ]
}