{
 "dcg": [
  16.454889447704733,
  12.123816550896395
 ],
 "dcg@03": [
  5.215945894353882,
  4.61717675786631
 ],
 "dcg@05": [
  7.033631702737257,
  5.4481964898191295
 ],
 "dcg@10": [
  10.036063326793073,
  6.8693530581933215
 ],
 "dcg@20": [
  13.020774455466322,
  8.5994415871084
 ],
 "ndcg": [
  0.7329928171278056,
  0.1566214710691202
 ],
 "ndcg@03": [
  0.45125271218069696,
  0.28742281410040654
 ],
 "ndcg@05": [
  0.49881732069584944,
  0.26417788224706734
 ],
 "ndcg@10": [
  0.5818709271060158,
  0.24510174734355863
 ],
 "ndcg@20": [
  0.6554716649385468,
  0.20886505547436746
 ],
 "precision@01": [
  0.2179236043095005,
  0.4128352056138826
 ],
 "precision@03": [
  0.20053868756121448,
  0.2407743460622122
 ],
 "precision@05": [
  0.18996082272282078,
  0.1897136830093406
 ],
 "precision@10": [
  0.16829089128305588,
  0.1389089908634153
 ],
 "precision@20": [
  0.12875857002938296,
  0.10064654597141787
 ],
 "recall@01": [
  0.08182266188360063,
  0.2084772752988095
 ],
 "recall@03": [
  0.21976705953710624,
  0.3182810978212986
 ],
 "recall@05": [
  0.3428278476816949,
  0.37187353477280366
 ],
 "recall@10": [
  0.5656060866772724,
  0.3913907352646404
 ],
 "recall@20": [
  0.7795331559187918,
  0.3125832945563562
 ],
 "relevant rank": [
  18.006167012774526,
  16.244678667952464
 ],
 "relevant rank per query": [
  70.06268364348678,
  118.76676535395477
 ]
}