{
 "dcg": [
  18.442471511590597,
  13.533015776842205
 ],
 "dcg@03": [
  7.628497594404817,
  6.208576055238113
 ],
 "dcg@05": [
  9.664681630662184,
  7.0782691496820656
 ],
 "dcg@10": [
  12.741574731837268,
  8.526149693261814
 ],
 "dcg@20": [
  15.63572864761026,
  10.434553711037665
 ],
 "ndcg": [
  0.8138482718908111,
  0.14366135637260105
 ],
 "ndcg@03": [
  0.60896297886685,
  0.2852230143991988
 ],
 "ndcg@05": [
  0.6433865675760011,
  0.25067483275177893
 ],
 "ndcg@10": [
  0.705186369373112,
  0.21812560501773023
 ],
 "ndcg@20": [
  0.7605506816709762,
  0.1824703760584738
 ],
 "precision@01": [
  0.460822722820764,
  0.49846277790103977
 ],
 "precision@03": [
  0.3426379366634018,
  0.28218486996935394
 ],
 "precision@05": [
  0.29000979431929486,
  0.22073712301078882
 ],
 "precision@10": [
  0.2176297747306562,
  0.1595711197780984
 ],
 "precision@20": [
  0.149449069539667,
  0.11698993779452806
 ],
 "recall@01": [
  0.19731769944284996,
  0.30647230355301824
 ],
 "recall@03": [
  0.3835374313687908,
  0.37001207053853796
 ],
 "recall@05": [
  0.5067708983923611,
  0.3788829233535882
 ],
 "recall@10": [
  0.6943316736035481,
  0.34625049312093525
 ],
 "recall@20": [
  0.8616947942317938,
  0.24747365456956075
 ],
 "relevant rank": [
  13.617141778365113,
  14.149717469721622
 ],
 "relevant rank per query": [
  52.98481880509305,
  97.84435292496984
 ]
}