{
 "dcg": [
  18.547866126881623,
  13.600253522390858
 ],
 "dcg@03": [
  7.776579150532573,
  6.334461949275421
 ],
 "dcg@05": [
  9.789236304146701,
  7.195251338555991
 ],
 "dcg@10": [
  12.863440346925492,
  8.637474396169207
 ],
 "dcg@20": [
  15.745873640173333,
  10.517897567989445
 ],
 "ndcg": [
  0.8173314348880881,
  0.14339281868432363
 ],
 "ndcg@03": [
  0.6154080694821447,
  0.2864689573160589
 ],
 "ndcg@05": [
  0.6488939171206302,
  0.25189196510568357
 ],
 "ndcg@10": [
  0.709962041968793,
  0.21830327822562265
 ],
 "ndcg@20": [
  0.7644125857550806,
  0.1823845391055272
 ],
 "precision@01": [
  0.47845249755142016,
  0.4995354893681014
 ],
 "precision@03": [
  0.35251387528566763,
  0.2859516684238484
 ],
 "precision@05": [
  0.29373163565132226,
  0.21998549161529443
 ],
 "precision@10": [
  0.21904995102840355,
  0.15922337979812037
 ],
 "precision@20": [
  0.1492286973555338,
  0.11648528804202099
 ],
 "recall@01": [
  0.2060854384517816,
  0.3104431571650288
 ],
 "recall@03": [
  0.3954304483603216,
  0.37244127646817654
 ],
 "recall@05": [
  0.518980098074973,
  0.3782707241311473
 ],
 "recall@10": [
  0.699253655669316,
  0.3464601728134943
 ],
 "recall@20": [
  0.8612400807365207,
  0.24740166715984552
 ],
 "relevant rank": [
  13.447108426153168,
  14.02135765519006
 ],
 "relevant rank per query": [
  52.3232125367287,
  97.18925890693082
 ]
}