{
 "dcg": [
  18.446383759013447,
  13.505961597211739
 ],
 "dcg@03": [
  7.628093796776578,
  6.174426499065404
 ],
 "dcg@05": [
  9.64613982820209,
  7.056284593925264
 ],
 "dcg@10": [
  12.739068598368442,
  8.517797922286816
 ],
 "dcg@20": [
  15.643428268884394,
  10.398918361072917
 ],
 "ndcg": [
  0.8145435061937388,
  0.1424415272750279
 ],
 "ndcg@03": [
  0.6082487689788008,
  0.28518180518819
 ],
 "ndcg@05": [
  0.6433533894309232,
  0.2518038080875536
 ],
 "ndcg@10": [
  0.7054675457372191,
  0.2177826795066271
 ],
 "ndcg@20": [
  0.7617818517829718,
  0.18117012773596308
 ],
 "precision@01": [
  0.4586190009794319,
  0.49828467056498915
 ],
 "precision@03": [
  0.343209271955599,
  0.27833079844444
 ],
 "precision@05": [
  0.2898628795298727,
  0.2176472017061405
 ],
 "precision@10": [
  0.21709108716944175,
  0.1586604074930793
 ],
 "precision@20": [
  0.14925318315377084,
  0.11582669495249684
 ],
 "recall@01": [
  0.1963459561892395,
  0.3057881145638487
 ],
 "recall@03": [
  0.3870522169402418,
  0.36917356272163254
 ],
 "recall@05": [
  0.5122211797180664,
  0.37926277832158334
 ],
 "recall@10": [
  0.6960829381862408,
  0.3471972764822263
 ],
 "recall@20": [
  0.8649234138477196,
  0.24319541938784417
 ],
 "relevant rank": [
  13.572714114907809,
  14.02481401016241
 ],
 "relevant rank per query": [
  52.811949069539665,
  97.73458378687398
 ]
}