{
 "dcg": [
  18.13139324156799,
  13.263290585734486
 ],
 "dcg@03": [
  7.20998712440821,
  5.858406585814762
 ],
 "dcg@05": [
  9.20399866217691,
  6.702406646165954
 ],
 "dcg@10": [
  12.353610123215404,
  8.182291413029128
 ],
 "dcg@20": [
  15.274484139641752,
  10.086192487027054
 ],
 "ndcg": [
  0.8027248369092961,
  0.1459334369922033
 ],
 "ndcg@03": [
  0.5864608660301651,
  0.2886861553464842
 ],
 "ndcg@05": [
  0.6223890518130768,
  0.2555721292825342
 ],
 "ndcg@10": [
  0.6898027230924972,
  0.22161090297018987
 ],
 "ndcg@20": [
  0.7477632709469415,
  0.18509433127205827
 ],
 "precision@01": [
  0.4135651322233105,
  0.492472348089135
 ],
 "precision@03": [
  0.3183969964087495,
  0.2771251423381753
 ],
 "precision@05": [
  0.2713026444662096,
  0.21466591925177034
 ],
 "precision@10": [
  0.2109696376101861,
  0.15556015511599353
 ],
 "precision@20": [
  0.14736777668952009,
  0.11449138430968923
 ],
 "recall@01": [
  0.1748124453247615,
  0.29386999224854143
 ],
 "recall@03": [
  0.35814479727979337,
  0.3655122572603693
 ],
 "recall@05": [
  0.4789254901962015,
  0.37967565489376237
 ],
 "recall@10": [
  0.6782231128684766,
  0.35260998724316545
 ],
 "recall@20": [
  0.8570277676139259,
  0.24984696498803946
 ],
 "relevant rank": [
  14.105971933799006,
  14.312771360927037
 ],
 "relevant rank per query": [
  54.886875612144955,
  100.14487269972572
 ]
}