{
 "dcg": [
  18.464865943877886,
  13.517533042582224
 ],
 "dcg@03": [
  7.648705586802673,
  6.139206449764354
 ],
 "dcg@05": [
  9.694079903169358,
  7.071832962003026
 ],
 "dcg@10": [
  12.78727004231974,
  8.550105399341088
 ],
 "dcg@20": [
  15.660605949753585,
  10.405700112030159
 ],
 "ndcg": [
  0.8152607976071621,
  0.1424412698533016
 ],
 "ndcg@03": [
  0.6113989777896651,
  0.28308391608614625
 ],
 "ndcg@05": [
  0.6459399040034566,
  0.25017701491145444
 ],
 "ndcg@10": [
  0.707623191730178,
  0.21736096648430422
 ],
 "ndcg@20": [
  0.7621987718370785,
  0.18110077985719295
 ],
 "precision@01": [
  0.4551909892262488,
  0.497988104831308
 ],
 "precision@03": [
  0.34647404505386875,
  0.278097961763291
 ],
 "precision@05": [
  0.29373163565132226,
  0.22122861117344675
 ],
 "precision@10": [
  0.2190009794319295,
  0.16071394642328551
 ],
 "precision@20": [
  0.14931439764936336,
  0.11640434138718825
 ],
 "recall@01": [
  0.19585677988245181,
  0.30570117800779595
 ],
 "recall@03": [
  0.39475422222255313,
  0.37331540736085816
 ],
 "recall@05": [
  0.5177564137516217,
  0.37894962436240437
 ],
 "recall@10": [
  0.6984028819197312,
  0.34531929204421297
 ],
 "recall@20": [
  0.8626476558342603,
  0.24648174202461146
 ],
 "relevant rank": [
  13.55780001258574,
  14.130890376977915
 ],
 "relevant rank per query": [
  52.753917727717926,
  97.74133807798177
 ]
}