{
 "dcg": [
  18.487036728326835,
  13.554741728398984
 ],
 "dcg@03": [
  7.667139898017613,
  6.206235697363083
 ],
 "dcg@05": [
  9.697148066569122,
  7.103248011662933
 ],
 "dcg@10": [
  12.825457105663098,
  8.595339865683616
 ],
 "dcg@20": [
  15.692096045470596,
  10.45065109264292
 ],
 "ndcg": [
  0.8152471099844717,
  0.14236618366844972
 ],
 "ndcg@03": [
  0.6104728903122453,
  0.2839357074861837
 ],
 "ndcg@05": [
  0.6450649379526898,
  0.250246938575299
 ],
 "ndcg@10": [
  0.7080677730912213,
  0.2162426082557752
 ],
 "ndcg@20": [
  0.762642755701938,
  0.18054034296274823
 ],
 "precision@01": [
  0.46865817825661116,
  0.4990167233768881
 ],
 "precision@03": [
  0.3466372837087822,
  0.28255468896215485
 ],
 "precision@05": [
  0.29049951028403526,
  0.2204923820639662
 ],
 "precision@10": [
  0.2202742409402547,
  0.15971731643127662
 ],
 "precision@20": [
  0.14941234084231148,
  0.11559748718968518
 ],
 "recall@01": [
  0.20297565048020738,
  0.31086610277724464
 ],
 "recall@03": [
  0.3893784814622791,
  0.37016450573630466
 ],
 "recall@05": [
  0.5122499374200934,
  0.3776925023723468
 ],
 "recall@10": [
  0.7048246845879819,
  0.34049911987842524
 ],
 "recall@20": [
  0.8653802449378388,
  0.24430419369511872
 ],
 "relevant rank": [
  13.523000440500912,
  14.126789838310753
 ],
 "relevant rank per query": [
  52.61851126346719,
  98.26183769124934
 ]
}