{
 "dcg": [
  18.35978004497213,
  13.453124500056488
 ],
 "dcg@03": [
  7.513030273120505,
  6.094491915243397
 ],
 "dcg@05": [
  9.52617104513627,
  6.976592852620407
 ],
 "dcg@10": [
  12.631057176511474,
  8.426661668790127
 ],
 "dcg@20": [
  15.541568913118603,
  10.334322572617625
 ],
 "ndcg": [
  0.8108865272689646,
  0.144150550156324
 ],
 "ndcg@03": [
  0.6023361840837964,
  0.2862071339411109
 ],
 "ndcg@05": [
  0.6372554204809718,
  0.25327421235511033
 ],
 "ndcg@10": [
  0.7011135279355486,
  0.21889985094973927
 ],
 "ndcg@20": [
  0.7573116871257409,
  0.18294794937196476
 ],
 "precision@01": [
  0.4502938295788443,
  0.49752316189506496
 ],
 "precision@03": [
  0.3352105778648383,
  0.274266821590945
 ],
 "precision@05": [
  0.2833496571988247,
  0.21493443451078773
 ],
 "precision@10": [
  0.2146669931439765,
  0.15747102022668505
 ],
 "precision@20": [
  0.14862879529872675,
  0.11565438022169529
 ],
 "recall@01": [
  0.1930804599401338,
  0.3044030785467578
 ],
 "recall@03": [
  0.37955327702750324,
  0.3693487107385634
 ],
 "recall@05": [
  0.5047178475274487,
  0.38242885977594093
 ],
 "recall@10": [
  0.6916150556509099,
  0.34683944835610764
 ],
 "recall@20": [
  0.8613518380902103,
  0.2488903860682807
 ],
 "relevant rank": [
  13.75892014347744,
  14.110599531370347
 ],
 "relevant rank per query": [
  53.53648383937316,
  98.55589201120536
 ]
}