{
 "dcg": [
  18.355009543220046,
  13.394927926152677
 ],
 "dcg@03": [
  7.480496062761558,
  5.974533739771406
 ],
 "dcg@05": [
  9.539548316598149,
  6.883996982576198
 ],
 "dcg@10": [
  12.654728002342813,
  8.346784572941347
 ],
 "dcg@20": [
  15.561681389646978,
  10.26246906995802
 ],
 "ndcg": [
  0.8123229018330712,
  0.14337207933413576
 ],
 "ndcg@03": [
  0.604088049604363,
  0.2864057953346659
 ],
 "ndcg@05": [
  0.6402436059219443,
  0.25226688999814795
 ],
 "ndcg@10": [
  0.7038326406208384,
  0.21826211197287176
 ],
 "ndcg@20": [
  0.7599457440859078,
  0.1809721933154329
 ],
 "precision@01": [
  0.4427032321253673,
  0.49670623148005755
 ],
 "precision@03": [
  0.33757753836108384,
  0.278229261648815
 ],
 "precision@05": [
  0.28937316356513226,
  0.21856691739535475
 ],
 "precision@10": [
  0.2186826640548482,
  0.15884354403636025
 ],
 "precision@20": [
  0.14987757100881488,
  0.11625369391149126
 ],
 "recall@01": [
  0.1877735059663888,
  0.30111487006655213
 ],
 "recall@03": [
  0.38370114525799975,
  0.3732384685484751
 ],
 "recall@05": [
  0.511303205841904,
  0.3805456787054392
 ],
 "recall@10": [
  0.6975799028760077,
  0.34536574745363036
 ],
 "recall@20": [
  0.866720725927816,
  0.24298016916038878
 ],
 "relevant rank": [
  13.536215467874898,
  14.03978163570276
 ],
 "relevant rank per query": [
  52.66993143976494,
  97.61494526241829
 ]
}