{
 "dcg": [
  18.30001546055969,
  13.41197871123966
 ],
 "dcg@03": [
  7.421477538309949,
  5.97104142667793
 ],
 "dcg@05": [
  9.458434174915013,
  6.871094490239811
 ],
 "dcg@10": [
  12.5820856520829,
  8.340602019840503
 ],
 "dcg@20": [
  15.489678245309678,
  10.251607706713406
 ],
 "ndcg": [
  0.809579167080689,
  0.1439570137496625
 ],
 "ndcg@03": [
  0.6003239476908443,
  0.28605353800775957
 ],
 "ndcg@05": [
  0.6361412982583058,
  0.2524655783384009
 ],
 "ndcg@10": [
  0.7007599990877809,
  0.2174507918060788
 ],
 "ndcg@20": [
  0.7567249627830139,
  0.18125248249030676
 ],
 "precision@01": [
  0.4321743388834476,
  0.4953783197659165
 ],
 "precision@03": [
  0.332190662748939,
  0.2797220457748465
 ],
 "precision@05": [
  0.28354554358472084,
  0.21928019797179535
 ],
 "precision@10": [
  0.21579333986287955,
  0.15799872423737377
 ],
 "precision@20": [
  0.14860430950048975,
  0.11497460069993672
 ],
 "recall@01": [
  0.179784873891254,
  0.29510854548435006
 ],
 "recall@03": [
  0.3706518801907996,
  0.3654768044234358
 ],
 "recall@05": [
  0.49931746422425644,
  0.38097335316970804
 ],
 "recall@10": [
  0.6930736025969106,
  0.3475452864315649
 ],
 "recall@20": [
  0.8617657696781665,
  0.24764068203763473
 ],
 "relevant rank": [
  13.704549745138758,
  14.076116295653119
 ],
 "relevant rank per query": [
  53.32492654260529,
  98.86360154129257
 ]
}