{
 "dcg": [
  17.241826933689566,
  12.671343194336522
 ],
 "dcg@03": [
  6.1899549754148175,
  5.040070743637925
 ],
 "dcg@05": [
  8.07984048629392,
  5.885737181024712
 ],
 "dcg@10": [
  11.128251449227191,
  7.350020680800679
 ],
 "dcg@20": [
  14.036652543897942,
  9.188000063674268
 ],
 "ndcg": [
  0.7662468015129787,
  0.153539628436671
 ],
 "ndcg@03": [
  0.5228196311585727,
  0.2898976932141095
 ],
 "ndcg@05": [
  0.5619279740237022,
  0.26041721386840483
 ],
 "ndcg@10": [
  0.634756495277384,
  0.23332252690460425
 ],
 "ndcg@20": [
  0.6984630221984541,
  0.19805567225347556
 ],
 "precision@01": [
  0.32051909892262487,
  0.46667612553938675
 ],
 "precision@03": [
  0.2615083251714006,
  0.2617560208543263
 ],
 "precision@05": [
  0.23070519098922626,
  0.20713850132019176
 ],
 "precision@10": [
  0.18677766895200784,
  0.14676231068720905
 ],
 "precision@20": [
  0.13538197845249758,
  0.10669588455513397
 ],
 "recall@01": [
  0.12818970317262018,
  0.2586353707253222
 ],
 "recall@03": [
  0.28077746878565757,
  0.3386267000630515
 ],
 "recall@05": [
  0.3946589196222633,
  0.37043240462460175
 ],
 "recall@10": [
  0.6080556648196407,
  0.37469049387380293
 ],
 "recall@20": [
  0.8003024079293928,
  0.29457841835745835
 ],
 "relevant rank": [
  16.515448996287205,
  15.9282082906012
 ],
 "relevant rank per query": [
  64.2622428991185,
  110.7583424204848
 ]
}