{
 "dcg": [
  17.42914569712759,
  12.82552937830944
 ],
 "dcg@03": [
  6.425877047845235,
  5.352069720754598
 ],
 "dcg@05": [
  8.30279012664253,
  6.131159708046259
 ],
 "dcg@10": [
  11.347383408921905,
  7.526913255361626
 ],
 "dcg@20": [
  14.24185524434462,
  9.358692853600243
 ],
 "ndcg": [
  0.7725444456022993,
  0.15247342947759412
 ],
 "ndcg@03": [
  0.5333457589943416,
  0.29039041126195286
 ],
 "ndcg@05": [
  0.5714745379044371,
  0.25959396007031965
 ],
 "ndcg@10": [
  0.6433557757249673,
  0.23115057614250195
 ],
 "ndcg@20": [
  0.705850830998565,
  0.19635333846473274
 ],
 "precision@01": [
  0.3508814887365328,
  0.4772459215106685
 ],
 "precision@03": [
  0.27024159320927194,
  0.264151657020218
 ],
 "precision@05": [
  0.233643486777669,
  0.2047772881369319
 ],
 "precision@10": [
  0.18758570029382962,
  0.14479256245483504
 ],
 "precision@20": [
  0.13513712047012735,
  0.10503115438718263
 ],
 "recall@01": [
  0.13724418721837778,
  0.2617442756406632
 ],
 "recall@03": [
  0.28995258352158515,
  0.34195606200889367
 ],
 "recall@05": [
  0.4039602544238532,
  0.372178159894443
 ],
 "recall@10": [
  0.6174983108075396,
  0.3742332681509727
 ],
 "recall@20": [
  0.8035530251324801,
  0.29496863990380306
 ],
 "relevant rank": [
  16.359197029765276,
  15.707844314249442
 ],
 "relevant rank per query": [
  63.65426052889324,
  110.64080535660246
 ]
}