{
 "dcg": [
  18.862612113715205,
  13.89156342781125
 ],
 "dcg@03": [
  8.1650038250176,
  6.593773176926072
 ],
 "dcg@05": [
  10.220456212512577,
  7.541073283669663
 ],
 "dcg@10": [
  13.291328305172833,
  9.00745050595674
 ],
 "dcg@20": [
  16.170201161500113,
  10.926340907547408
 ],
 "ndcg": [
  0.828383587951687,
  0.14076032919262654
 ],
 "ndcg@03": [
  0.6391159802022028,
  0.2816757765720844
 ],
 "ndcg@05": [
  0.6694376152362217,
  0.24820135604960222
 ],
 "ndcg@10": [
  0.7267923896986355,
  0.21360288769017918
 ],
 "ndcg@20": [
  0.7794626785630269,
  0.1767107914806044
 ],
 "precision@01": [
  0.5164054848188051,
  0.49973078759253964
 ],
 "precision@03": [
  0.3785504407443683,
  0.2938059536335924
 ],
 "precision@05": [
  0.3152791380999021,
  0.23300541507253836
 ],
 "precision@10": [
  0.22828109696376106,
  0.16609203909491435
 ],
 "precision@20": [
  0.15352595494613125,
  0.12058990883902368
 ],
 "recall@01": [
  0.21956695206865304,
  0.3146510385513702
 ],
 "recall@03": [
  0.42225755992872005,
  0.37507642863109913
 ],
 "recall@05": [
  0.5452182179412883,
  0.3780816775004369
 ],
 "recall@10": [
  0.7204168453105194,
  0.3387743747390891
 ],
 "recall@20": [
  0.8780146455207083,
  0.2337458664837398
 ],
 "relevant rank": [
  12.687244352149015,
  13.639560347422119
 ],
 "relevant rank per query": [
  49.366552399608224,
  93.73449368472356
 ]
}