{
 "dcg": [
  15.855573288972892,
  11.641177244578055
 ],
 "dcg@03": [
  4.528423750796128,
  3.958334031166448
 ],
 "dcg@05": [
  6.227182147914998,
  4.792851437593
 ],
 "dcg@10": [
  9.1953563883001,
  6.226232393145122
 ],
 "dcg@20": [
  12.163153028497872,
  7.897786278364021
 ],
 "ndcg": [
  0.7131463353694296,
  0.1578473786068364
 ],
 "ndcg@03": [
  0.41385014921113283,
  0.28696041796088834
 ],
 "ndcg@05": [
  0.4602258892901566,
  0.26740104696888134
 ],
 "ndcg@10": [
  0.549692334516929,
  0.25075261668363036
 ],
 "ndcg@20": [
  0.6270520947200788,
  0.2153612693318566
 ],
 "precision@01": [
  0.16062683643486778,
  0.3671864047752776
 ],
 "precision@03": [
  0.1589128305582762,
  0.21961628682206097
 ],
 "precision@05": [
  0.1586190009794319,
  0.179840098721366
 ],
 "precision@10": [
  0.14926542605288937,
  0.1348520031432713
 ],
 "precision@20": [
  0.11859696376101861,
  0.09711189437941437
 ],
 "recall@01": [
  0.05612494924528731,
  0.1728320998750497
 ],
 "recall@03": [
  0.16768457111999802,
  0.2863702457358805
 ],
 "recall@05": [
  0.2780015101419244,
  0.3504840547019708
 ],
 "recall@10": [
  0.5059256040810366,
  0.40417192490896114
 ],
 "recall@20": [
  0.7203828523696356,
  0.35064180551111956
 ],
 "relevant rank": [
  19.92435970045938,
  16.957321635651482
 ],
 "relevant rank per query": [
  77.52644466209598,
  127.58315080080382
 ]
}