{
 "dcg": [
  16.588527382581834,
  12.233094394439247
 ],
 "dcg@03": [
  5.422105523985495,
  4.987895810464761
 ],
 "dcg@05": [
  7.202060936406237,
  5.750099976282854
 ],
 "dcg@10": [
  10.16908113273954,
  7.08408636192254
 ],
 "dcg@20": [
  13.116185025705144,
  8.750347740881967
 ],
 "ndcg": [
  0.7379658782902353,
  0.15784266112161913
 ],
 "ndcg@03": [
  0.4596945482337558,
  0.2945337850369065
 ],
 "ndcg@05": [
  0.5062700505571783,
  0.2701272921323835
 ],
 "ndcg@10": [
  0.587388911926619,
  0.24808613147063296
 ],
 "ndcg@20": [
  0.6595812133584931,
  0.21180292936003514
 ],
 "precision@01": [
  0.2588148873653281,
  0.43798372280645387
 ],
 "precision@03": [
  0.21180215475024486,
  0.2485194063733125
 ],
 "precision@05": [
  0.19343780607247796,
  0.19437746455649121
 ],
 "precision@10": [
  0.16625857002938296,
  0.13916150095202556
 ],
 "precision@20": [
  0.12666503428011752,
  0.09952898101765699
 ],
 "recall@01": [
  0.10049368799570069,
  0.22966836018550105
 ],
 "recall@03": [
  0.23004770121495643,
  0.3236836568116604
 ],
 "recall@05": [
  0.3402790284369591,
  0.3690076198641435
 ],
 "recall@10": [
  0.5574757755960176,
  0.39562526440467227
 ],
 "recall@20": [
  0.765366370767149,
  0.3205620285430655
 ],
 "relevant rank": [
  18.154427034170286,
  16.298624092841393
 ],
 "relevant rank per query": [
  70.63956904995104,
  118.60032909779869
 ]
}