{
 "dcg": [
  18.37198275513543,
  13.389033990042968
 ],
 "dcg@03": [
  7.512507705959191,
  6.008888887104297
 ],
 "dcg@05": [
  9.56394613405986,
  6.913413244587834
 ],
 "dcg@10": [
  12.680481873733791,
  8.382307372752694
 ],
 "dcg@20": [
  15.564978781267794,
  10.251697652000882
 ],
 "ndcg": [
  0.813420653222113,
  0.14315545282108544
 ],
 "ndcg@03": [
  0.6063318202375562,
  0.2858788042695244
 ],
 "ndcg@05": [
  0.6423352807156989,
  0.2521993989044114
 ],
 "ndcg@10": [
  0.7057754467071028,
  0.21818467408450082
 ],
 "ndcg@20": [
  0.7605737636121774,
  0.18156386809340636
 ],
 "precision@01": [
  0.45102840352595497,
  0.49759600353980266
 ],
 "precision@03": [
  0.34084231145935356,
  0.28165939434080145
 ],
 "precision@05": [
  0.290156709108717,
  0.22047734459012971
 ],
 "precision@10": [
  0.2186826640548482,
  0.1598730157919316
 ],
 "precision@20": [
  0.1491185112634672,
  0.11492111445098901
 ],
 "recall@01": [
  0.19374306268433986,
  0.3054869262341317
 ],
 "recall@03": [
  0.38441348389873553,
  0.3703961468801354
 ],
 "recall@05": [
  0.5108922513898589,
  0.3800728682924488
 ],
 "recall@10": [
  0.7004931696320431,
  0.34617276174335077
 ],
 "recall@20": [
  0.8639180882659779,
  0.24577431951555323
 ],
 "relevant rank": [
  13.548046063809704,
  14.047318980008308
 ],
 "relevant rank per query": [
  52.71596474045054,
  98.52647282323662
 ]
}